"['XEN-CRYPTO', 'XENFT by XEN CRYPTO']"
"['Illuminati_squares', ""Enzo's friends""]"
"['JoyfulheadDoodles', 'JoyfulHead Doodles']"
"['The_dark_illusion', 'The Dark illusions']"
"['fame0x', 'INS1D3RS']"
"['TimebreakerArt', 'Minecraft Brickshot Character']"
"['naiivecat', 'naiivecat']"
"['CrazyMilady', 'CrazyMilady Collection']"
"['Amidzy', 'CosmoLOL']"
"['zerion_io', 'Zerion DNA 1.0']"
"['PhotographeR4', 'Nft Wo']"
"['ENSDeployer', 'ENS: Ethereum Name Service']"
"['Lisura', 'Untitled Collection #3093313305']"
"['livd', 'betta kaleidoscopes']"
"['MM5000', 'FF5000']"
"['LittyKittys', 'Litty Kittys Company']"
"['The_dark_illusion', 'The Dark illusions']"
"['JoyfulheadDoodles', 'JoyfulHead Doodles']"
"['Illuminati_squares', ""Enzo's friends""]"
"['Intodaysnight', 'Ghosts, Gods & Monsters.']"
"['CrazyMilady', 'CrazyMilady Collection']"
"['Djo-ArtGorithme', 'Tresores of Nature']"
"['G1727', 'Untitled Collection #3713031749']"
"['zerion_io', 'Zerion DNA 1.0']"
"['ENSDeployer', 'ENS: Ethereum Name Service']"
"['NullAddress', 'Cyberpunk Pi ETH']"
"['MYBESTAIGIRL', 'beautiful 2d girl&women collection']"
"['HackataoQK', 'Queens+Kings Traits']"
"['art_life_atefeh', 'artatefeh1']"
"['girlbd', 'girlon']"
"['quinca', 'Japan beta']"
"['Amidzy', 'CosmoLOL']"
"['13soroka13', 'Kateryna Soroka']"
"['naiivecat', 'naiivecat']"
"['ENSDeployer', 'ENS: Ethereum Name Service']"
"['PeopleReignOfficial', 'Baseball Card Collection']"
"['MJfellowactuary', 'SuperRare']"
"['TimebreakerArt', 'Minecraft Brickshot Character']"
"['Illuminati_squares', ""Enzo's friends""]"
"['Judderman', 'Dead Piksels']"
"['livd', 'betta kaleidoscopes']"
"['Amidzy', 'CosmoLOL']"
"['MrMISANG', 'BurningSouls']"
"['zerion_io', 'Zerion DNA 1.0']"
"['NullAddress', 'Cyberpunk Pi ETH']"
"['Abigail_Aiart', 'Untitled Collection #3765884371']"
"['zerion_io', 'Zerion DNA 1.0']"
"['Abigail_Aiart', 'Untitled Collection #3765884371']"
"['Illuminati_squares', ""Enzo's friends""]"
"['NFT_VANDAL', 'POOKiiES']"
"['Neighbors_of_Elon', 'Fashion Week AI']"
"['ENSDeployer', 'ENS: Ethereum Name Service']"
"['0xG', 'N. Collection']"
"['NullAddress', 'Cyberpunk Pi ETH']"
"['Amidzy', 'CosmoLOL']"
"['quinca', 'Japan beta']"
"['matsushimi', 'Untitled Collection #3725851929']"
"['The_dark_illusion', 'The Dark illusions']"
"['JirkaSvetlikArt', 'Fine Art Journey']"
"['Kiii0106', 'Kiii0106 Collection']"
"['girlbd', 'girlon']"
"['livd', 'betta kaleidoscopes']"
"['YellowRobotDragonNFTs', 'Yellow Robot Dragon NFT']"
"['Illuminati_squares', ""Enzo's friends""]"
"['YellowRobotDragonNFTs', 'Yellow Robot Dragon NFT']"
"['naiivecat', 'naiivecat']"
"['Boijordz04', 'Untitled Collection #3756977080']"
"['PixelatedPassions', 'Cyberpunks Limited Edition']"
"['NullAddress', 'Cyberpunk Pi ETH']"
"['Amidzy', 'CosmoLOL']"
"['Loba_bati', 'The Aswang Tribe']"
"['fairxyz', 'Social Impact & Sustainability - The Value Prop']"
"['quinca', 'Japan beta']"
"['zerion_io', 'Zerion DNA 1.0']"
"['livd', 'betta kaleidoscopes']"
"['Kiii0106', 'Kiii0106 Collection']"
"['luxxxtv', 'New Lifeforms']"
"['MrMISANG', 'BurningSouls']"
"['TimebreakerArt', 'Minecraft Brickshot Character']"
"['zerion_io', 'Zerion DNA 1.0']"
"['ENSDeployer', 'ENS: Ethereum Name Service']"
"['art_life_atefeh', 'artatefeh1']"
"['NobuyukiTeshima', 'goddess of hope athenas']"
"['JoyfulheadDoodles', 'JoyfulHead Doodles']"
"['naiivecat', 'naiivecat']"
"['Boijordz04', 'Untitled Collection #3756977080']"
"['Illuminati_squares', ""Enzo's friends""]"
"['Amidzy', 'CosmoLOL']"
"['JRNYmag', 'JRNY Magazine Series 1']"
"['NullAddress', 'Cyberpunk Pi ETH']"
"['HoooliColour', 'That Onionz']"
"['BoringBuddy', 'Boring Buddy']"
"['ChillorbsDeployer', 'ChillOrbs']"
"['Neighbors_of_Elon', 'Fashion Week AI']"
"['SPERMATOZOON71', 'SPERMATOZOON  Official']"
"['fairxyz', 'Social Impact & Sustainability - The Value Prop']"
"['RAINBOWTEAM', 'The Colour Addition']"
"['Illuminati_squares', ""Enzo's friends""]"
"['HoooliColour', 'That Onionz']"
"['zerion_io', 'Zerion DNA 1.0']"
"['PortionClub69', 'LAWBSTARZ']"
"['girlbd', 'girlon']"
"['quinca', 'Japan beta']"
"['AAFDeployer', 'Azur Root']"
"['NullAddress', 'Cyberpunk Pi ETH']"
"['Amidzy', 'CosmoLOL']"
"['Plato1924', 'Paintings abstractions']"
"['Emunte', 'Emunte Collection']"
"['livd', 'betta kaleidoscopes']"
"['Natural-Digital-Rarity', 'Natural-Digital-Rarity Collection']"
"['Illuminati_squares', ""Enzo's friends""]"
"['yurisatori', 'yurisatori Collection']"
"['RebelCS', 'RebelCS Collection']"
"['MetaverseGenesisNFT', 'Dawn Of The Digital']"
"['TimebreakerArt', 'Minecraft Brickshot Character']"
"['zerion_io', 'Zerion DNA 1.0']"
"['ENSDeployer', 'ENS: Ethereum Name Service']"
"['art_life_atefeh', 'artatefeh1']"
"['NobuyukiTeshima', 'goddess of hope athenas']"
"['JoyfulheadDoodles', 'JoyfulHead Doodles']"
"['naiivecat', 'naiivecat']"
"['Boijordz04', 'Untitled Collection #3756977080']"
"['Amidzy', 'CosmoLOL']"
"['JoyfulheadDoodles', 'JoyfulHead Doodles']"
"['Amidzy', 'CosmoLOL']"
"['JRNYmag', 'JRNY Magazine Series 1']"
"['NullAddress', 'Cyberpunk Pi ETH']"
"['Illuminati_squares', ""Enzo's friends""]"
"['HoooliColour', 'That Onionz']"
"['BoringBuddy', 'Boring Buddy']"
"['zerion_io', 'Zerion DNA 1.0']"
"['ChillorbsDeployer', 'ChillOrbs']"
"['RAINBOWTEAM', 'The Colour Addition']"
"['SPERMATOZOON71', 'SPERMATOZOON  Official']"
"['Neighbors_of_Elon', 'Fashion Week AI']"
"['Intodaysnight', 'Ghosts, Gods & Monsters.']"
"['BoredPunk-Deployer', 'BoredPunk']"
"['TRLab', 'Rhizome x TRLab: Journey through SEED']"
"['Amidzy', 'CosmoLOL']"
"['Plato1924', 'Paintings abstractions']"
"['Emunte', 'Emunte Collection']"
"['livd', 'betta kaleidoscopes']"
"['Natural-Digital-Rarity', 'Natural-Digital-Rarity Collection']"
"['Illuminati_squares', ""Enzo's friends""]"
"['yurisatori', 'yurisatori Collection']"
"['RebelCS', 'RebelCS Collection']"
"['TimebreakerArt', 'Minecraft Brickshot Character']"
"['TimebreakerArt', 'Minecraft Brickshot Character']"
"['zerion_io', 'Zerion DNA 1.0']"
"['ENSDeployer', 'ENS: Ethereum Name Service']"
"['art_life_atefeh', 'artatefeh1']"
"['NobuyukiTeshima', 'goddess of hope athenas']"
"['JoyfulheadDoodles', 'JoyfulHead Doodles']"
"['naiivecat', 'naiivecat']"
"['Boijordz04', 'Untitled Collection #3756977080']"
"['Illuminati_squares', ""Enzo's friends""]"
"['Amidzy', 'CosmoLOL']"
"['JRNYmag', 'JRNY Magazine Series 1']"
"['NullAddress', 'Cyberpunk Pi ETH']"
"['HoooliColour', 'That Onionz']"
"['BoringBuddy', 'Boring Buddy']"
"['ChillorbsDeployer', 'ChillOrbs']"
"['NullAddress', 'Cyberpunk Pi ETH']"
"['RAINBOWTEAM', 'The Colour Addition']"
"['SPERMATOZOON71', 'SPERMATOZOON  Official']"
"['Illuminati_squares', ""Enzo's friends""]"
"['Neighbors_of_Elon', 'Fashion Week AI']"
"['Intodaysnight', 'Ghosts, Gods & Monsters.']"
"['JoyfulheadDoodles', 'JoyfulHead Doodles']"
"['Amidzy', 'CosmoLOL']"
"['BoredPunk-Deployer', 'BoredPunk']"
"['TRLab', 'Rhizome x TRLab: Journey through SEED']"
"['Nullish', 'On the Edge of Oblivion (Soulbound)']"
"['NobuyukiTeshima', 'goddess of hope athenas']"
"['quinca', 'Japan beta']"
"['livd', 'betta kaleidoscopes']"
"['AAFDeployer', 'Azur Root']"
"['The_dark_illusion', 'The Dark illusions']"
"['AiEmotions4U', 'AiEmotions4U Collection']"
"['yurisatori', 'yurisatori Collection']"
"['Intodaysnight', 'Ghosts, Gods & Monsters.']"
"['Illuminati_squares', ""Enzo's friends""]"
"['JoyfulheadDoodles', 'JoyfulHead Doodles']"
"['MrMISANG', 'BurningSouls']"
"['nishthenomad', 'Welcome to Pocket Universe']"
"['naiivecat', 'naiivecat']"
"['RAINBOWTEAM', 'The Colour Addition']"
"['Amidzy', 'CosmoLOL']"
"['NullAddress', 'Cyberpunk Pi ETH']"
"['QuantumArtEngine', 'Digital Menagerie: A Diverse Animal NFT Collection']"
"['zerion_io', 'Zerion DNA 1.0']"
"['quinca', 'Japan beta']"
"['SPERMATOZOON71', 'SPERMATOZOON  Official']"
"['HoonAyame', 'YOKAI TOWN']"
"['quinca', 'Japan beta']"
"['SPERMATOZOON71', 'SPERMATOZOON  Official']"
"['HoonAyame', 'YOKAI TOWN']"
"['Illuminati_squares', ""Enzo's friends""]"
"['art_life_atefeh', 'artatefeh1']"
"['zerion_io', 'Zerion DNA 1.0']"
"['Loba_bati', 'The Aswang Tribe']"
"['Mushroomy_J', 'CA-SSC']"
"['girlbd', 'girlon']"
"['HoooliColour', 'That Onionz']"
"['nopattern-etc', '!fundrop #4: Lunar Limb Brainwave by Chuck Anderson']"
"['ENSDeployer', 'ENS: Ethereum Name Service']"
"['8LDeployment', '8lements Official']"
"['fairxyz', 'Finance - The Value Prop']"
"['ChillorbsDeployer', 'ChillOrbs']"
"['junsei_g', 'MOMONIST']"
"['Amidzy', 'CosmoLOL']"
"['NullAddress', 'Cyberpunk Pi ETH']"
"['ChlXe_34', 'Untitled Collection #3539946255']"
"['dey_edito', 'dey edito']"
"['Neighbors_of_Elon', 'Fashion Week AI']"
"['The_dark_illusion', 'The Dark illusions']"
"['PeopleReignOfficial', 'Baseball Card Collection']"
"['ChlXe_34', 'Untitled Collection #3539946255']"
"['dey_edito', 'dey edito']"
"['Neighbors_of_Elon', 'Fashion Week AI']"
"['The_dark_illusion', 'The Dark illusions']"
"['Illuminati_squares', ""Enzo's friends""]"
"['PeopleReignOfficial', 'Baseball Card Collection']"
"['FeminineFormsAI', 'AI_Unveild']"
"['Intodaysnight', 'Ghosts, Gods & Monsters.']"
"['RAINBOWTEAM', 'The Colour Addition']"
"['MYBESTAIGIRL', 'beautiful 2d girl&women collection']"
"['G1727', 'Untitled Collection #3713031749']"
"['JoyfulheadDoodles', 'JoyfulHead Doodles']"
"['livd', 'betta kaleidoscopes']"
"['29-Minutes', '29 Minutes']"
"['NRWN', 'Owlghostcity']"
"['ArtifyVisions', 'Aliens, Space & Our Imagination']"
"['SPERMATOZOON71', 'SPERMATOZOON  Official']"
"['cowboybeebop777', 'Party Memberships: party 777']"
"['ChillorbsDeployer', 'ChillOrbs']"
"['ENSDeployer', 'ENS: Ethereum Name Service']"
"['cowboybeebop777', 'Party Memberships: party 777']"
"['ChillorbsDeployer', 'ChillOrbs']"
"['ENSDeployer', 'ENS: Ethereum Name Service']"
"['Intodaysnight', 'Ghosts, Gods & Monsters.']"
"['naiivecat', 'naiivecat']"
"['Illuminati_squares', ""Enzo's friends""]"
"['mysteriouswonder', 'mysteriouswonder Collection']"
"['MYBESTAIGIRL', 'beautiful 2d girl&women collection']"
"['k3ro', '/ÔΩÇ‚ñÑ‚ñÇÔΩÖŒÆ·µà Õ∞“âÃÖ“âÃÖ“âÃÖ“âÃÖ“âÃÖüíé‚õìÔ∏è']"
"['JUUNIDeployer', 'JUUNI x ROSENTICA']"
"['JoyfulheadDoodles', 'JoyfulHead Doodles']"
"['Amidzy', 'CosmoLOL']"
"['The_dark_illusion', 'The Dark illusions']"
"['MM5000', 'Mindless geometric shapes']"
"['MrMISANG', 'BurningSouls']"
"['Typical_Friends_Official', 'Garbage University Student IDs']"
"['quinca', 'Japan beta']"
"['JoyfulheadDoodles', 'JoyfulHead Doodles']"
"['Illuminati_squares', ""Enzo's friends""]"
"['quinca', 'Japan beta']"
"['JUUNIDeployer', 'JUUNI x ROSENTICA']"
"['Intodaysnight', 'Ghosts, Gods & Monsters.']"
"['hackermanDao', '[‚®´‚ÇÄ‚ÇÄ‚Å∑‚Å∂‚Åπ  The Newborns of SINGULARITY ‚ÇÉ‚ÇÅ ‚Å¥‚ÇÇ‚Å∏ ‚Åµ‚®´]']"
"['HirobaGallery', 'Golden Robotic Apples']"
"['VegetaFreire', 'caligraffiti PIEZAS UNICAS']"
"['girlbd', 'girlon']"
"['Amidzy', 'CosmoLOL']"
"['TimebreakerArt', 'Minecraft Brickshot Character']"
"['SPERMATOZOON71', 'SPERMATOZOON  Official']"
"['NobuyukiTeshima', 'goddess of hope athenas']"
"['Kiii0106', 'Kiii0106 Collection']"
"['Neighbors_of_Elon', 'Fashion Week AI']"
"['RAINBOWTEAM', 'The Colour Addition']"
"['SPERMATOZOON71', 'SPERMATOZOON  Official']"
"['NobuyukiTeshima', 'goddess of hope athenas']"
"['Kiii0106', 'Kiii0106 Collection']"
"['Neighbors_of_Elon', 'Fashion Week AI']"
"['Illuminati_squares', ""Enzo's friends""]"
"['RAINBOWTEAM', 'The Colour Addition']"
"['ENSDeployer', 'ENS: Ethereum Name Service']"
"['Dimensionals', 'Eve']"
"['JoyfulheadDoodles', 'JoyfulHead Doodles']"
"['AAFDeployer', 'Azur Root']"
"['Amidzy', 'CosmoLOL']"
"['livd', 'betta kaleidoscopes']"
"['13soroka13', 'Kateryna Soroka']"
"['MrMISANG', 'BurningSouls']"
"['IRI-DO_LAB', 'IRI-DO_Metropolitan_NFT']"
"['zerion_io', 'Zerion DNA 1.0']"
"['HoooliColour', 'That Onionz']"
"['naiivecat', 'naiivecat']"
"['Loba_bati', 'The Aswang Tribe']"
"['k3ro', '/ÔΩÇ‚ñÑ‚ñÇÔΩÖŒÆ·µà Õ∞“âÃÖ“âÃÖ“âÃÖ“âÃÖ“âÃÖüíé‚õìÔ∏è']"
"['JoyfulheadDoodles', 'JoyfulHead Doodles']"
"['HoooliColour', 'That Onionz']"
"['hackermanDao', '‚≠êÔ∏èBUSHIDO MECHA‚≠êÔ∏è']"
"['ENSDeployer', 'ENS: Ethereum Name Service']"
"['quinca', 'Japan beta']"
"['FeminineFormsAI', 'AI_Unveild']"
"['nonchik', 'Untitled Collection #3773233351']"
"['Illuminati_squares', ""Enzo's friends""]"
"['Amidzy', 'CosmoLOL']"
"['MM5000', 'Mindless geometric shapes']"
"['SPERMATOZOON71', 'SPERMATOZOON  Official']"
"['AAFDeployer', 'Azur Root']"
"['Brown_ramirez', 'PepeRockNFT']"
"['girlbd', 'girlon']"
"['XEN-CRYPTO', 'XENFT by XEN CRYPTO']"
"['totallynotshelbyyaaaaa', 'Untitled Collection #3725369547']"
"['RAINBOWTEAM', 'The Colour Addition']"
"['AiEmotions4U', 'AiEmotions4U Collection']"
"['NobuyukiTeshima', 'goddess of hope athenas']"
"['jeffnkim', 'jeffnkim Collection']"
"['The_dark_illusion', 'The Dark illusions']"
"['Not_me0', 'Untitled Collection #3469808119']"
"['Bezogia', 'Bezogi V2 - Legends of Bezogia by Zogi Labs']"
"['Illuminati_squares', ""Enzo's friends""]"
"['AiEmotions4U', 'AiEmotions4U Collection']"
"['NobuyukiTeshima', 'goddess of hope athenas']"
"['jeffnkim', 'jeffnkim Collection']"
"['The_dark_illusion', 'The Dark illusions']"
"['Not_me0', 'Untitled Collection #3469808119']"
"['Bezogia', 'Bezogi V2 - Legends of Bezogia by Zogi Labs']"
"['Loba_bati', 'The Aswang Tribe']"
"['RexTheFlytrap', 'RexTheFlytrap Collection']"
"['Amidzy', 'CosmoLOL']"
"['mertticc', 'Atticc Guardian SBT']"
"['JUUNIDeployer', 'JUUNI x ROSENTICA']"
"['ChillorbsDeployer', 'ChillOrbs']"
"['BalearicAliensUfologyClub', 'BalearicAliensUfologyClub Collection']"
"['zerion_io', 'Zerion DNA 1.0']"
"['ENSDeployer', 'ENS: Ethereum Name Service']"
"['livd', 'betta kaleidoscopes']"
"['quinca', 'Japan beta']"
"['HoooliColour', 'That Onionz']"
"['TheMightyZohan', 'Untitled Collection #3469765345']"
"['naiivecat', 'naiivecat']"
"['SPERMATOZOON71', 'SPERMATOZOON  Official']"
"['Brown_ramirez', 'PepeRockNFT']"
"['Natural-Digital-Rarity', 'Natural-Digital-Rarity Collection']"
"['Mushroomy_J', 'CA-SSC']"
"['MrMISANG', 'BurningSouls']"
"['Brown_ramirez', 'PepeRockNFT']"
"['Amidzy', 'CosmoLOL']"
"['HoooliColour', 'That Onionz']"
"['Natural-Digital-Rarity', 'Natural-Digital-Rarity Collection']"
"['Mushroomy_J', 'CA-SSC']"
"['MrMISANG', 'BurningSouls']"
"['ENSDeployer', 'ENS: Ethereum Name Service']"
"['remco_tuner', 'RemCo Tuners']"
"['JoyfulheadDoodles', 'JoyfulHead Doodles']"
"['totallynotshelbyyaaaaa', 'Untitled Collection #3725369547']"
"['Illuminati_squares', ""Enzo's friends""]"
"['benangbajacollection', 'Nostalgic Remembrance']"
"['RAINBOWTEAM', 'The Colour Addition']"
"['dragonpartyclub', 'Dragon Party Club  Fire Series']"
"['dragonpartyclub', 'Dragon Party Club The Special']"
"['dragonpartyclub', 'Dragon Party Club Water Series']"
"['dragonpartyclub', 'Dragon Party Club Gold Series']"
"['dragonpartyclub', 'Dragon Party Club Wood Series']"
"['zerion_io', 'Zerion DNA 1.0']"
"['dragonpartyclub', 'Dragon Party Club Earth Series']"
"['quinca', 'Japan beta']"
"['RAINBOWTEAM', 'The Colour Addition']"
"['dragonpartyclub', 'Dragon Party Club  Fire Series']"
"['dragonpartyclub', 'Dragon Party Club The Special']"
"['dragonpartyclub', 'Dragon Party Club Water Series']"
"['dragonpartyclub', 'Dragon Party Club Gold Series']"
"['dragonpartyclub', 'Dragon Party Club Wood Series']"
"['zerion_io', 'Zerion DNA 1.0']"
"['dragonpartyclub', 'Dragon Party Club Earth Series']"
"['quinca', 'Japan beta']"
"['Inahouse', 'Inahouse Apartment']"
"['nft-com-deployer', 'NFT.com Profiles']"
"['girlbd', 'girlon']"
"['MYBESTAIGIRL', 'beautiful 2d girl&women collection']"
"['Illuminati_squares', ""Enzo's friends""]"
"['NobuyukiTeshima', 'goddess of hope athenas']"
"['Neighbors_of_Elon', 'Fashion Week AI']"
"['Nagi-ferret', '3D ferret']"
"['ArtifyVisions', 'Aliens, Space & Our Imagination']"
"['JoyfulheadDoodles', 'JoyfulHead Doodles']"
"['ENSDeployer', 'ENS: Ethereum Name Service']"
"['NFT_VANDAL', 'POOKiiES']"
"['MishVan', 'Wild Samurai']"
"['MM5000', 'Mindless geometric shapes']"
"['livd', 'betta kaleidoscopes']"
"['Amidzy', 'CosmoLOL']"
"['NFT_VANDAL', 'POOKiiES']"
"['Illuminati_squares', ""Enzo's friends""]"
"['MishVan', 'Wild Samurai']"
"['MM5000', 'Mindless geometric shapes']"
"['livd', 'betta kaleidoscopes']"
"['Amidzy', 'CosmoLOL']"
"['JoyfulheadDoodles', 'JoyfulHead Doodles']"
"['Samshayan', 'Last Collection #3754815093']"
"['AiEmotions4U', 'AiEmotions4U Collection']"
"['junsei_g', 'MOMONIST']"
"['Loba_bati', 'The Aswang Tribe']"
"['ChillorbsDeployer', 'ChillOrbs']"
"['Illuminati_squares', ""Enzo's friends""]"
"['Brown_ramirez', 'PepeRockNFT']"
"['fame0x', 'INS1D3RS']"
"['PixelatedPassions', 'Cyberpunks Limited Edition']"
"['RAIZE', '__Void__ Collection']"
"['PeopleReignOfficial', 'Baseball Card Collection']"
"['zerion_io', 'Zerion DNA 1.0']"
"['RAINBOWTEAM', 'The Colour Addition']"
"['naiivecat', 'naiivecat']"
"['NFT_VANDAL', 'POOKiiES']"
"['Amidzy', 'CosmoLOL']"
"['quinca', 'Japan beta']"
"['JoyfulheadDoodles', 'JoyfulHead Doodles']"
"['ChillorbsDeployer', 'ChillOrbs']"
"['NobuyukiTeshima', 'goddess of hope athenas']"
"['HoooliColour', 'That Onionz']"
"['Iamiman', 'Iamiman Collection']"
"['TimebreakerArt', 'Minecraft Brickshot Character']"
"['The-unknow', 'Thebaby-Alien']"
"['quinca', 'Japan beta']"
"['JoyfulheadDoodles', 'JoyfulHead Doodles']"
"['ChillorbsDeployer', 'ChillOrbs']"
"['NobuyukiTeshima', 'goddess of hope athenas']"
"['HoooliColour', 'That Onionz']"
"['Illuminati_squares', ""Enzo's friends""]"
"['Iamiman', 'Iamiman Collection']"
"['TimebreakerArt', 'Minecraft Brickshot Character']"
"['The-unknow', 'Thebaby-Alien']"
"['zerion_io', 'Zerion DNA 1.0']"
"['zerion_io', 'Zerion DNA 1.0']"
"['livd', 'betta kaleidoscopes']"
"['JoyfulheadDoodles', 'JoyfulHead Doodles']"
"['itooka_nagi', 'Super kawaii sisters #1']"
"['HoooliColour', 'That Onionz']"
"['Illuminati_squares', ""Enzo's friends""]"
"['ChillorbsDeployer', 'ChillOrbs']"
"['Amidzy', 'CosmoLOL']"
"['girlbd', 'girlon']"
"['RAINBOWTEAM', 'The Colour Addition']"
"['SPERMATOZOON71', 'SPERMATOZOON  Official']"
"['fairxyz', 'Business & Marketing - The Value Prop']"
"['fairxyz', 'Finance - The Value Prop']"
"['NobuyukiTeshima', 'goddess of hope athenas']"
"['quinca', 'Japan beta']"
"['HoooliColour', 'That Onionz']"
"['zerion_io', 'Zerion DNA 1.0']"
"['The-unknow', 'Thebaby-Alien']"
"['Pankaj1980', 'Gems Undervalued']"
"['Illuminati_squares', ""Enzo's friends""]"
"['naiivecat', 'naiivecat']"
"['Hasantoa77', 'hasantoa77']"
"['SpiritEnergySF', 'Untitled Collection #3655231273']"
"['fairxyz', 'Social Impact & Sustainability - The Value Prop']"
"['ChillorbsDeployer', 'ChillOrbs']"
"['VIPEdeployer', 'VIPE Heroes']"
"['ENSDeployer', 'ENS: Ethereum Name Service']"
"['MM5000', 'Mindless geometric shapes']"
"['LoneWolfHowling', 'LoneWolfHowling Collection']"
"['FeminineFormsAI', 'AI_Unveild']"
"['Shib2token', 'inAway dude 2fer 01']"
"['Not_me0', 'Untitled Collection #3469808119']"
"['Drarmament', 'flowers in my vision']"
"['HeeDongDeployer', 'HeeDong - Blind Box']"
"['agami2525', 'Untitled Collection #2401065067']"
"['Amidzy', 'CosmoLOL']"
"['Asa777', 'CG_artworks']"
"['livd', 'betta kaleidoscopes']"
"['MoonGod2', 'Moon Tinkers']"
"['MM5000', 'Mindless geometric shapes']"
"['LoneWolfHowling', 'LoneWolfHowling Collection']"
"['FeminineFormsAI', 'AI_Unveild']"
"['Shib2token', 'inAway dude 2fer 01']"
"['HoooliColour', 'That Onionz']"
"['Not_me0', 'Untitled Collection #3469808119']"
"['Illuminati_squares', ""Enzo's friends""]"
"['Drarmament', 'flowers in my vision']"
"['zerion_io', 'Zerion DNA 1.0']"
"['HeeDongDeployer', 'HeeDong - Blind Box']"
"['agami2525', 'Untitled Collection #2401065067']"
"['Amidzy', 'CosmoLOL']"
"['Asa777', 'CG_artworks']"
"['livd', 'betta kaleidoscopes']"
"['MoonGod2', 'Moon Tinkers']"
"['TheMightyZohan', 'Untitled Collection #3469765345']"
"['JACK-SPAROW', 'JACK-SPAROW Collection']"
"['fardbod', 'Lego faces']"
"['MYBESTAIGIRL', 'beautiful 2d girl&women collection']"
"['Samshayan', 'Last Collection #3754815093']"
"['NobuyukiTeshima', 'goddess of hope athenas']"
"['kibblemaker', 'UltraViolence Kibbles']"
"['ChillorbsDeployer', 'ChillOrbs']"
"['Amidzy', 'CosmoLOL']"
"['HoooliColour', 'That Onionz']"
"['Pankaj1980', 'Gems Undervalued']"
"['The-unknow', 'Thebaby-Alien']"
"['Illuminati_squares', ""Enzo's friends""]"
"['ENSDeployer', 'ENS: Ethereum Name Service']"
"['zerion_io', 'Zerion DNA 1.0']"
"['PixelatedPassions', 'Cyberpunks Limited Edition']"
"['totallynotshelbyyaaaaa', 'Untitled Collection #3725369547']"
"['SPERMATOZOON71', 'SPERMATOZOON  Official']"
"['girlbd', 'girlon']"
"['UkiyoEternal', 'UkiyoEternal Collection']"
"['NFT_VANDAL', 'POOKiiES']"
"['Neighbors_of_Elon', 'Fashion Week AI']"
"['Illuminati_squares', ""Enzo's friends""]"
"['dragonpartyclub', 'Dragon Party Club  Fire Series']"
"['dragonpartyclub', 'Dragon Party Club Water Series']"
"['dragonpartyclub', 'Dragon Party Club The Special']"
"['dragonpartyclub', 'Dragon Party Club Wood Series']"
"['dragonpartyclub', 'Dragon Party Club Earth Series']"
"['dragonpartyclub', 'Dragon Party Club Gold Series']"
"['ENSDeployer', 'ENS: Ethereum Name Service']"
"['NobuyukiTeshima', 'goddess of hope athenas']"
"['MYBESTAIGIRL', 'beautiful 2d girl&women collection']"
"['Pankaj1980', 'Gems Undervalued']"
"['naiivecat', 'naiivecat']"
"['HeeDongDeployer', 'HeeDong - Blind Box']"
"['fairxyz', 'Governance - The Value Prop']"
"['fairxyz', 'Finance - The Value Prop']"
"['JoyfulheadDoodles', 'JoyfulHead Doodles']"
"['Amidzy', 'CosmoLOL']"
"['The-unknow', 'Thebaby-Alien']"
"['NullAddress', 'Cyberpunk Pi ETH']"
"['BoredPunk-Deployer', 'BoredPunk']"
"['BoredPunk-Deployer', 'BoredPunk']"
"['MM5000', 'Mindless geometric shapes']"
"['ENSDeployer', 'ENS: Ethereum Name Service']"
"['NobuyukiTeshima', 'goddess of hope athenas']"
"['Illuminati_squares', ""Enzo's friends""]"
"['BlackRockyNFT', 'BlackRocky']"
"['NakafakaDeployer', 'nakafakas']"
"['HLK-DEPLOYER', 'Hippie Life Krew: The Cloudalia Story']"
"['Amidzy', 'CosmoLOL']"
"['Samshayan', 'Last Collection #3754815093']"
"['JoyfulheadDoodles', 'JoyfulHead Doodles']"
"['The-unknow', 'Thebaby-Alien']"
"['girlbd', 'girlon']"
"['zerion_io', 'Zerion DNA 1.0']"
"['PeopleReignOfficial', 'Baseball Card Collection']"
"['Drarmament', 'flowers in my vision']"
"['TheMightyZohan', 'Untitled Collection #3469765345']"
"['BlackRockyNFT', 'BlackRocky']"
"['fame0x', 'INS1D3RS']"
"['fairxyz', 'Social Impact & Sustainability - The Value Prop']"
"['ENSDeployer', 'ENS: Ethereum Name Service']"
"['zerion_io', 'Zerion DNA 1.0']"
"['totallynotshelbyyaaaaa', 'Untitled Collection #3725369547']"
"['Amidzy', 'CosmoLOL']"
"['JoyfulheadDoodles', 'JoyfulHead Doodles']"
"['NullAddress', 'Cyberpunk Pi ETH']"
"['naiivecat', 'naiivecat']"
"['Shib2token', 'inAway dude 2fer 01']"
"['MasudT', 'MasudT Collection']"
"['ChlXe_34', 'Untitled Collection #3539946255']"
"['MrMISANG', 'BurningSouls']"
"['SoonOne', 'SoonOne ART']"
"['TimebreakerArt', 'Minecraft Brickshot Character']"
"['livd', 'betta kaleidoscopes']"
"['livd', 'betta kaleidoscopes']"
"['JoyfulheadDoodles', 'JoyfulHead Doodles']"
"['BlackRockyNFT', 'BlackRocky']"
"['Blue-Men', 'Blue-Men Collection']"
"['ParaSpace_Insurance', 'ParaSpace Derivative Token BAKC']"
"['ENSDeployer', 'ENS: Ethereum Name Service']"
"['NFT_VANDAL', 'POOKiiES']"
"['RAINBOWTEAM', 'The Colour Addition']"
"['pinxiu', 'Untitled Collection #3778806153']"
"['8LDeployment', '8lements Official']"
"['The-unknow', 'Thebaby-Alien']"
"['SPERMATOZOON71', 'SPERMATOZOON  Official']"
"['MYBESTAIGIRL', 'beautiful 2d girl&women collection']"
"['yurisatori', 'yurisatori Collection']"
"['RAIZE', '__Void__ Collection']"
"['yurisatori', 'yurisatori Collection']"
"['BlackRockyNFT', 'BlackRocky']"
"['NFT_VANDAL', 'POOKiiES']"
"['RAIZE', '__Void__ Collection']"
"['fairxyz', 'Business & Marketing - The Value Prop']"
"['fairxyz', 'Social Impact & Sustainability - The Value Prop']"
"['totallynotshelbyyaaaaa', 'Untitled Collection #3725369547']"
"['girlbd', 'girlon']"
"['MM5000', 'Mindless geometric shapes']"
"['Samshayan', 'Last Collection #3754815093']"
"['ENSDeployer', 'ENS: Ethereum Name Service']"
"['fairxyz', 'Information Technology - The Value Prop']"
"['PixelatedPassions', 'Cyberpunks Limited Edition']"
"['MrMISANG', 'BurningSouls']"
"['quinca', 'Japan beta']"
"['AAFDeployer', 'Azur Root']"
"['MrMISANG', 'BurningSouls']"
"['RAINBOWTEAM', 'The Colour Addition']"
"['mawlikmedia', 'futuristic neon cities']"
"['naiivecat', 'naiivecat']"
"['livd', 'betta kaleidoscopes']"
"['RAIZE', '__Void__ Collection']"
"['cristinacapucci', 'eleven:eleven']"
"['fairxyz', 'Social Impact & Sustainability - The Value Prop']"
"['ENSDeployer', 'ENS: Ethereum Name Service']"
"['LJHui1234', 'Untitled Collection #3470760061']"
"['RAIZE', '__Void__ Collection']"
"['LongWhiteCloud', 'MyAlteredStates']"
"['SPERMATOZOON71', 'SPERMATOZOON  Official']"
"['Baltak', 'Singular Paintings']"
"['Shib2token', 'inAway dude 2fer 01']"
"['BoredPunk-Deployer', 'BoredPunk']"
"['ENSDeployer', 'ENS: Ethereum Name Service']"
"['ChillorbsDeployer', 'ChillOrbs']"
"['BoredPunk-Deployer', 'BoredPunk']"
"['PeopleReignOfficial', 'Baseball Card Collection']"
"['RAIZE', '__Void__ Collection']"
"['TheMightyZohan', 'Untitled Collection #3469765345']"
"['Iamiman', 'Iamiman Collection']"
"['The-unknow', 'Thebaby-Alien']"
"['frolic_', 'Mint Button: Open Edition']"
"['Sirius_Aiillust', ""Sirius's AIillust""]"
"['itooka_nagi', 'Super kawaii sisters #1']"
"['ChillorbsDeployer', 'ChillOrbs']"
"['zerion_io', 'Zerion DNA 1.0']"
"['RAINBOWTEAM', 'The Colour Addition']"
"['RAIZE', '__Void__ Collection']"
"['Baltak', 'Singular Paintings']"
"['coollavinah', 'Untitled Collection #3725390650']"
"['AAFDeployer', 'Azur Root']"
"['fame0x', 'INS1D3RS']"
"['zerion_io', 'Zerion DNA 1.0']"
"['peacefulskin1', 'Untitled Collection #3745965951']"
"['ahihidongok', 'Art by Capeo']"
"['ENSDeployer', 'ENS: Ethereum Name Service']"
"['Samshayan', 'Last Collection #3754815093']"
"['ADAMAX3', 'miroox']"
"['ThisGuy_Brandon', 'Odds & Inns']"
"['tenbytenNFT', 'tenbytenNFT']"
"['RAIZE', '__Void__ Collection']"
"['Neighbors_of_Elon', 'Fashion Week AI']"
"['livd', 'betta kaleidoscopes']"
"['SoonOne', 'SoonOne ART']"
"['dragonpartyclub', 'Dragon Party Club  Fire Series']"
"['dragonpartyclub', 'Dragon Party Club Gold Series']"
"['dragonpartyclub', 'Dragon Party Club Earth Series']"
"['dragonpartyclub', 'Dragon Party Club The Special']"
"['dragonpartyclub', 'Dragon Party Club Water Series']"
"['zerion_io', 'Zerion DNA 1.0']"
"['XEN-CRYPTO', 'XENFT by XEN CRYPTO']"
"['dragonpartyclub', 'Dragon Party Club Wood Series']"
"['yurisatori', 'yurisatori Collection']"
"['Baltak', 'Singular Paintings']"
"['The-unknow', 'Thebaby-Alien']"
"['Natural-Digital-Rarity', 'Natural-Digital-Rarity Collection']"
"['fairxyz', 'Security & Risk Management - The Value Prop']"
"['vgtir_00', 'do_01']"
"['naiivecat', 'naiivecat']"
"['HeeDongDeployer', 'HeeDong - Blind Box']"
"['Baltak', 'Singular Paintings']"
"['fairxyz', 'Business & Marketing - The Value Prop']"
"['PeopleReignOfficial', 'Baseball Card Collection']"
"['MM5000', 'FF5000']"
"['quinca', 'Japan beta']"
"['RAINBOWTEAM', 'The Colour Addition']"
"['MM5000', 'Mindless geometric shapes']"
"['Iamiman', 'Iamiman Collection']"
"['MrMISANG', 'BurningSouls']"
"['TimebreakerArt', 'Minecraft Brickshot Character']"
"['MasudT', 'MasudT Collection']"
"['peacefulskin1', 'Untitled Collection #3745965951']"
"['TheMightyZohan', 'Untitled Collection #3469765345']"
"['nonchik', 'Untitled Collection #3773233351']"
"['TheMightyZohan', 'Untitled Collection #3469765345']"
"['nonchik', 'Untitled Collection #3773233351']"
"['SPERMATOZOON71', 'SPERMATOZOON  Official']"
"['fairxyz', 'Security & Risk Management - The Value Prop']"
"['Shib2token', 'inAway dude 2fer 01']"
"['livd', 'betta kaleidoscopes']"
"['Baltak', 'Singular Paintings']"
"['The-unknow', 'Thebaby-Alien']"
"['ENSDeployer', 'ENS: Ethereum Name Service']"
"['Kior_art', 'Season of delusions']"
"['NullAddress', 'Cyberpunk Pi ETH']"
"['naiivecat', 'naiivecat']"
"['LJHui1234', 'Untitled Collection #3470760061']"
"['boringpunkmfer', 'Mfers BoringPunks']"
"['boringpunkmfer', 'Mfers BoringPunks']"
"['coollavinah', 'Untitled Collection #3725390650']"
"['AMEZ-Art', 'Pied Pixels']"
"['Markhor79', 'Untitled Collection #3621233677']"
"['RAINBOWTEAM', 'The Colour Addition']"
"['SPERMATOZOON71', 'SPERMATOZOON  Official']"
"['ENSDeployer', 'ENS: Ethereum Name Service']"
"['MrMISANG', 'BurningSouls']"
"['Winter_AI_Art', 'Winter_AI_Art Collection']"
"['MasudT', 'MasudT Collection']"
"['NFT_VANDAL', 'POOKiiES']"
"['fame0x', 'INS1D3RS']"
"['MM5000', 'FF5000']"
"['Baltak', 'Singular Paintings']"
"['livd', 'betta kaleidoscopes']"
"['Iamiman', 'Iamiman Collection']"
"['naiivecat', 'naiivecat']"
"['sameer18', 'Untitled Collection #3779060422']"
"['boringpunkmfer', 'Mfers BoringPunks']"
"['boringpunkmfer', 'Mfers BoringPunks']"
"['NakafakaDeployer', 'nakafakas']"
"['PeopleReignOfficial', 'Baseball Card Collection']"
"['SPERMATOZOON71', 'SPERMATOZOON  Official']"
"['NFT_VANDAL', 'POOKiiES']"
"['zerion_io', 'Zerion DNA 1.0']"
"['susha_moon', 'House of Thousand Winds']"
"['fame0x', 'INS1D3RS']"
"['NFT_VANDAL', 'POOKiiES']"
"['zerion_io', 'Zerion DNA 1.0']"
"['susha_moon', 'House of Thousand Winds']"
"['fame0x', 'INS1D3RS']"
"['remco_tuner', 'RemCo Tuners']"
"['ENSDeployer', 'ENS: Ethereum Name Service']"
"['Baltak', 'Singular Paintings']"
"['NOMAL', 'THE DUKEUN Collection']"
"['boringpunkmfer', 'Mfers BoringPunks']"
"['MasudT', 'MasudT Collection']"
"['MM5000', 'Mindless geometric shapes']"
"['NFT_VANDAL', 'POOKiiES']"
"['coollavinah', 'Untitled Collection #3725390650']"
"['RAINBOWTEAM', 'The Colour Addition']"
"['livd', 'betta kaleidoscopes']"
"['Bezogia', 'Bezogi V2 - Legends of Bezogia by Zogi Labs']"
"['naiivecat', 'naiivecat']"
"['SPERMATOZOON71', 'SPERMATOZOON  Official']"
"['GrishaKarp', 'GrishaKarp Collection']"
"['CKYchups', 'CKYchups Collection']"
"['Baltak', 'Singular Paintings']"
"['mysteriouswonder', 'mysteriouswonder Collection']"
"['yurisatori', 'yurisatori Collection']"
"['boringpunkmfer', 'Mfers BoringPunks']"
"['boringpunkmfer', 'Mfers BoringPunks']"
"['akiGoujun-PORTFOLIO', 'The Dreams That Android Sees Are']"
"['Iamiman', 'Iamiman Collection']"
"['Enchanting_Fungi', 'Enchanting Fungi']"
"['Bezogia', 'Bezogi V2 - Legends of Bezogia by Zogi Labs']"
"['TimebreakerArt', 'Minecraft Brickshot Character']"
"['EnergiArt', 'EnergiArt Collection']"
"['NFT_VANDAL', 'POOKiiES']"
"['Fargo62', 'Untitled Collection #3779120794']"
"['PeopleReignOfficial', 'Baseball Card Collection']"
"['NullAddress', 'Cyberpunk Pi ETH']"
"['SPERMATOZOON71', 'SPERMATOZOON  Official']"
"['MasudT', 'MasudT Collection']"
"['NFT_VANDAL', 'POOKiiES']"
"['AAFDeployer', 'Azur Root']"
"['Bezogia', 'Bezogi V2 - Legends of Bezogia by Zogi Labs']"
"['Winter_AI_Art', 'Winter_AI_Art Collection']"
"['naiivecat', 'naiivecat']"
"['TheBestPhoto', 'Best daily photo']"
"['livd', 'betta kaleidoscopes']"
"['yurisatori', 'yurisatori Collection']"
"['MM5000', 'FF5000']"
"['boringpunkmfer', 'Mfers BoringPunks']"
"['AphroditeGoddessVenusNFT', 'Ratanaba 3.000']"
"['boringpunkmfer', 'Mfers BoringPunks']"
"['AphroditeGoddessVenusNFT', 'Ratanaba 3.000']"
"['NFT_VANDAL', 'POOKiiES']"
"['Iamiman', 'Iamiman Collection']"
"['EScape-Artist', 'EScape-Artist Collection']"
"['Bezogia', 'Bezogi V2 - Legends of Bezogia by Zogi Labs']"
"['GdsGallery', 'Initial | 007']"
"['RAINBOWTEAM', 'The Colour Addition']"
"['coollavinah', 'Untitled Collection #3725390650']"
"['NobuyukiTeshima', 'goddess of hope athenas']"
"['wheresmywhiskey', 'AI x Mixed Media']"
"['w3m-deployer', 'web3memorials']"
"['joeytadiar', ""REMO's World""]"
"['ENSDeployer', 'ENS: Ethereum Name Service']"
"['Omarmontreal', 'Uniswap V3 Positions']"
"['NFT_VANDAL', 'POOKiiES']"
"['nonchik', 'Untitled Collection #3773233351']"
"['Amidzy', 'CosmoLOL']"
"['CHICOCON', 'CHICOCON Collection']"
"['zerion_io', 'Zerion DNA 1.0']"
"['livd', 'betta kaleidoscopes']"
"['TheBestPhoto', 'Best daily photo']"
"['SPERMATOZOON71', 'SPERMATOZOON  Official']"
"['MM5000', 'Mindless geometric shapes']"
"['yurisatori', 'yurisatori Collection']"
"['akiGoujun-PORTFOLIO', 'The Dreams That Android Sees Are']"
"['fame0x', 'INS1D3RS']"
"['Bezogia', 'Bezogi V2 - Legends of Bezogia by Zogi Labs']"
"['NullAddress', 'Cyberpunk Pi ETH']"
"['BoredPunk-Deployer', 'BoredPunk']"
"['BoredPunk-Deployer', 'BoredPunk']"
"['ENSDeployer', 'ENS: Ethereum Name Service']"
"['naiivecat', 'naiivecat']"
"['Amidzy', 'CosmoLOL']"
"['NFT_VANDAL', 'POOKiiES']"
"['RAINBOWTEAM', 'The Colour Addition']"
"['NobuyukiTeshima', 'goddess of hope athenas']"
"['zerion_io', 'Zerion DNA 1.0']"
"['MM5000', 'FF5000']"
"['ChlXe_34', 'Untitled Collection #3539946255']"
"['Tata_Dev', 'Tata of Token Run']"
"['Mr_Jeck', ""Hoppy's House""]"
"['quinca', 'Japan beta']"
"['AMEZ-Art', 'Pied Pixels']"
"['MasudT', 'MasudT Collection']"
"['RAIZE', '__Void__ Collection']"
"['Iamiman', 'Iamiman Collection']"
"['HeeDongDeployer', 'HeeDong - Blind Box']"
"['Amidzy', 'CosmoLOL']"
"['HeeDongDeployer', 'HeeDong - Blind Box']"
"['Bezogia', 'Bezogi V2 - Legends of Bezogia by Zogi Labs']"
"['TheArtofYasmeen', 'ELVEN: The Lost Tribe']"
"['joeytadiar', ""REMO's World""]"
"['ENSDeployer', 'ENS: Ethereum Name Service']"
"['livd', 'betta kaleidoscopes']"
"['TheBestPhoto', 'Best daily photo']"
"['zerion_io', 'Zerion DNA 1.0']"
"['GdsGallery', 'Initial | 007']"
"['SPERMATOZOON71', 'SPERMATOZOON  Official']"
"['paulbono', 'paulbono Collection']"
"['TRI3UTE_DEPLOYER', 'TRI3UTE']"
"['RAIZE', '__Void__ Collection']"
"['NobuyukiTeshima', 'goddess of hope athenas']"
"['EnergiArt', 'EnergiArt Collection']"
"['RAIZE', '__Void__ Collection']"
"['Amidzy', 'CosmoLOL']"
"['Bezogia', 'Bezogi V2 - Legends of Bezogia by Zogi Labs']"
"['ENSDeployer', 'ENS: Ethereum Name Service']"
"['NobuyukiTeshima', 'goddess of hope athenas']"
"['EnergiArt', 'EnergiArt Collection']"
"['RonanJoseph', 'RonanJoseph Collection']"
"['RAINBOWTEAM', 'The Colour Addition']"
"['naiivecat', 'naiivecat']"
"['MM5000', 'FF5000']"
"['joeytadiar', ""REMO's World""]"
"['8LDeployment', '8lements Official']"
"['zerion_io', 'Zerion DNA 1.0']"
"['MBYCArtLabs_Deployer', 'Mr. Bean Yacht Club']"
"['TheBestPhoto', 'Best daily photo']"
"['fame0x', 'INS1D3RS']"
"['PeopleReignOfficial', 'Baseball Card Collection']"
"['quinca', 'Japan beta']"
"['posterlad', 'Colorful Minimalism by PosterLad - Bidders Edition']"
"['Iamiman', 'Iamiman Collection']"
"['posterlad', 'Colorful Minimalism by PosterLad - Bidders Edition']"
"['Iamiman', 'Iamiman Collection']"
"['HeeDongDeployer', 'HeeDong - Blind Box']"
"['zerion_io', 'Zerion DNA 1.0']"
"['ENSDeployer', 'ENS: Ethereum Name Service']"
"['RAIZE', '__Void__ Collection']"
"['BlackRockyNFT', 'BlackRocky']"
"['Baesic_Boo', 'BAESIC BOO']"
"['TribalRoboGods', 'Tribal RoboGods']"
"['TimebreakerArt', 'Minecraft Brickshot Character']"
"['8LDeployment', '8lements Official']"
"['BlackRockyNFT', 'BlackRocky']"
"['SoonOne', 'SoonOne pattern']"
"['NobuyukiTeshima', 'goddess of hope athenas']"
"['MrMISANG', 'BurningSouls']"
"['ENSDeployer', 'ENS: Ethereum Name Service']"
"['RAINBOWTEAM', 'The Colour Addition']"
"['Rihyo-dragon', 'Untitled Collection #3769630128']"
"['BoredPunk-Deployer', 'BoredPunk']"
"['_Marlon_', 'SuperRare']"
"['quinca', 'Japan beta']"
"['HydraLabs', 'Staked Coliseum']"
"['NFT_VANDAL', 'POOKiiES']"
"['naiivecat', 'naiivecat']"
"['RAIZE', '__Void__ Collection']"
"['RonanJoseph', 'RonanJoseph Collection']"
"['Iamiman', 'Iamiman Collection']"
"['NFT_VANDAL', 'POOKiiES']"
"['BlackRockyNFT', 'BlackRocky']"
"['naiivecat', 'naiivecat']"
"['RAIZE', '__Void__ Collection']"
"['RonanJoseph', 'RonanJoseph Collection']"
"['Iamiman', 'Iamiman Collection']"
"['Amidzy', 'CosmoLOL']"
"['TheBestPhoto', 'Best daily photo']"
"['MM5000', 'FF5000']"
"['GdsGallery', 'Initial | 007']"
"['zerion_io', 'Zerion DNA 1.0']"
"['Natural-Digital-Rarity', 'Natural-Digital-Rarity Collection']"
"['NobuyukiTeshima', 'goddess of hope athenas']"
"['RAINBOWTEAM', 'The Colour Addition']"
"['VLVTFounder', 'Polliwogs']"
"['VLVTFounder', 'Polliwogs']"
"['VLVTFounder', 'Polliwogs']"
"['Xion-XIII', 'ninja cat Xion Collection']"
"['VLVTFounder', 'Polliwogs']"
"['VLVTFounder', 'Polliwogs']"
"['VLVTFounder', 'Polliwogs']"
"['VLVTFounder', 'Polliwogs']"
"['PixelSaurus', 'PixelSaurus Claw']"
"['BlackRockyNFT', 'BlackRocky']"
"['Smoke21', 'Smoke21 Collection']"
"['Amidzy', 'CosmoLOL']"
"['42NYC26', 'Women beauty club']"
"['coollavinah', 'Untitled Collection #3725390650']"
"['RAIZE', '__Void__ Collection']"
"['8LDeployment', '8lements Official']"
"['fame0x', 'INS1D3RS']"
"['quinca', 'Japan beta']"
"['PeopleReignOfficial', 'Baseball Card Collection']"
"['TribalRoboGods', 'Tribal RoboGods']"
"['NobuyukiTeshima', 'goddess of hope athenas']"
"['Pankaj1980', 'Gems Undervalued']"
"['8LDeployment', '8lements Official']"
"['fame0x', 'INS1D3RS']"
"['quinca', 'Japan beta']"
"['PeopleReignOfficial', 'Baseball Card Collection']"
"['TribalRoboGods', 'Tribal RoboGods']"
"['BlackRockyNFT', 'BlackRocky']"
"['NobuyukiTeshima', 'goddess of hope athenas']"
"['Pankaj1980', 'Gems Undervalued']"
"['girlbd', 'girlon']"
"['RAIZE', '__Void__ Collection']"
"['Amirmoez-Gallery', 'Amirmoez-Gallery Collection']"
"['naiivecat', 'naiivecat']"
"['Rihyo-dragon', 'Untitled Collection #3769630128']"
"['ELMhonds_23', 'True lasting peace']"
"['totallynotshelbyyaaaaa', 'Untitled Collection #3725369547']"
"['Amidzy', 'CosmoLOL']"
"['zerion_io', 'Zerion DNA 1.0']"
"['Xion-XIII', 'ninja cat Xion Collection']"
"['ENSDeployer', 'ENS: Ethereum Name Service']"
"['RAIZE', '__Void__ Collection']"
"['Iamiman', 'Iamiman Collection']"
"['42NYC26', 'Women beauty club']"
"['Gokunen', 'Sumi-e Fractal']"
"['Cryptomatic', 'NEOS Official']"
"['NobuyukiTeshima', 'goddess of hope athenas']"
"['MasudT', 'MasudT Collection']"
"['MasudT', 'MasudT Collection']"
"['Xion-XIII', 'ninja cat Xion Collection']"
"['SoonOne', 'SoonOne pattern']"
"['RAIZE', '__Void__ Collection']"
"['Pankaj1980', 'Gems Undervalued']"
"['_himanshusolanki_', 'Valley Of Flowers By Himanshu Solanki']"
"['Amidzy', 'CosmoLOL']"
"['quinca', 'Japan beta']"
"['Yellrs7', 'Untitled Collection #3778635957']"
"['GdsGallery', 'Initial | 007']"
"['ELMhonds_23', 'True lasting peace']"
"['42NYC26', 'Women beauty club']"
"['Gokunen', 'Sumi-e Fractal']"
"['Iamiman', 'Iamiman Collection']"
"['dielehmanns', 'our ordinary life']"
"['GdsGallery', 'Initial | 007']"
"['ELMhonds_23', 'True lasting peace']"
"['42NYC26', 'Women beauty club']"
"['Gokunen', 'Sumi-e Fractal']"
"['RAIZE', '__Void__ Collection']"
"['Iamiman', 'Iamiman Collection']"
"['dielehmanns', 'our ordinary life']"
"['Amidzy', 'CosmoLOL']"
"['Pankaj1980', 'Gems Undervalued']"
"['Pixelord', 'SURR34L']"
"['RAINBOWTEAM', 'The Colour Addition']"
"['NobuyukiTeshima', 'goddess of hope athenas']"
"['chuprov', 'Rbtz']"
"['ENSDeployer', 'ENS: Ethereum Name Service']"
"['BoredPunk-Deployer', 'BoredPunk']"
"['ELMhonds_23', 'True lasting peace']"
"['Amidzy', 'CosmoLOL']"
"['RAIZE', '__Void__ Collection']"
"['PeopleReignOfficial', 'Baseball Card Collection']"
"['AMEZ-Art', 'Pied Pixels']"
"['Typical_Friends_Official', 'Garbage University Student IDs']"
"['42NYC26', 'Women beauty club']"
"['GrishaKarp', 'GrishaKarp Collection']"
"['NobuyukiTeshima', 'goddess of hope athenas']"
"['soulsail', 'Soul Sail S2-Clan']"
"['Fusion-Neutralizer', 'Fusionist - Quartan Primes']"
"['MindblowonStudio', 'Mindblowon Fresh Shrimpwear']"
"['Pankaj1980', 'Gems Undervalued']"
"['LAUGHPUNK', 'LAUGHPUNK_4580']"
"['mohon1', 'mohon1']"
"['Boxmax', 'Cool Boxman design']"
"['LongWhiteCloud', 'MyAlteredStates']"
"['quinca', 'Japan beta']"
"['quinca', 'Japan beta']"
"['fame0x', 'INS1D3RS']"
"['ENSDeployer', 'ENS: Ethereum Name Service']"
"['LAUGHPUNK', 'LAUGHPUNK_4580']"
"['TimebreakerArt', 'Minecraft Brickshot Character']"
"['mohon1', 'mohon1']"
"['ELMhonds_23', 'True lasting peace']"
"['RAIZE', '__Void__ Collection']"
"['WOLFElsa', 'WOLFElsa Collection']"
"['CuteasiangirlNFT', 'CuteasiangirlNFT Collection']"
"['CHIKUWA-CAT', 'CHIKUWA-CAT Collection']"
"['VegetaFreire', 'caligraffiti. by vegetafreire.']"
"['MM5000', 'FF5000']"
"['karindrops', 'KARINDROPS']"
"['Pankaj1980', 'Gems Undervalued']"
"['Squirrel_Art', 'Little_Princess_']"
"['8LDeployment', '8lements Official']"
"['8LDeployment', '8lements Official']"
"['Wasabi-Deployer', 'Wasabi Positions']"
"['yurisatori', 'yurisatori Collection']"
"['RAINBOWTEAM', 'The Colour Addition']"
"['RAIZE', '__Void__ Collection']"
"['WOLFElsa', 'WOLFElsa Collection']"
"['zerion_io', 'Zerion DNA 1.0']"
"['42NYC26', 'Women beauty club']"
"['NobuyukiTeshima', 'goddess of hope athenas']"
"['Iamiman', 'Iamiman Collection']"
"['BoringBuddy', 'Boring Buddy']"
"['CuteasiangirlNFT', 'CuteasiangirlNFT Collection']"
"['CuteasiangirlNFT', 'CuteasiangirlNFT Collection']"
"['totallynotshelbyyaaaaa', 'Untitled Collection #3725369547']"
"['RAIZE', '__Void__ Collection']"
"['8LDeployment', '8lements Official']"
"['8LDeployment', '8lements Official']"
"['SoonOne', 'SoonOne pattern']"
"['ENSDeployer', 'ENS: Ethereum Name Service']"
"['zerion_io', 'Zerion DNA 1.0']"
"['XEN-CRYPTO', 'XENFT by XEN CRYPTO']"
"['MasudT', 'MasudT Collection']"
"['quinca', 'Japan beta']"
"['GdsGallery', 'Initial | 007']"
"['Squirrel_Art', 'Little_Princess_']"
"['naiivecat', 'naiivecat']"
"['MM5000', 'Mindless geometric shapes']"
"['8LDeployment', '8lements Official']"
"['zerion_io', 'Zerion DNA 1.0']"
"['WOLFElsa', 'WOLFElsa Collection']"
"['Pankaj1980', 'Gems Undervalued']"
"['girlbd', 'girlon']"
"['Art_Animalia', 'Art_Animalia']"
"['RAIZE', '__Void__ Collection']"
"['Amidzy', 'CosmoLOL']"
"['PeopleReignOfficial', 'Baseball Card Collection']"
"['ELMhonds_23', 'True lasting peace']"
"['CuteasiangirlNFT', 'CuteasiangirlNFT Collection']"
"['RAINBOWTEAM', 'The Colour Addition']"
"['mohon1', 'mohon1']"
"['LAUGHPUNK', 'LAUGHPUNK_4580']"
"['RAIZE', '__Void__ Collection']"
"['mohon1', 'mohon1']"
"['Pankaj1980', 'Gems Undervalued']"
"['42NYC26', 'Women beauty club']"
"['Iamiman', 'Iamiman Collection']"
"['fame0x', 'INS1D3RS']"
"['8LDeployment', '8lements Official']"
"['Squirrel_Art', 'Little_Princess_']"
"['RAINBOWTEAM', 'The Colour Addition']"
"['Openpp001', 'Untitled Collection #3772956235']"
"['Not_me0', 'Untitled Collection #3469808119']"
"['LAUGHPUNK', 'LAUGHPUNK_4580']"
"['LAUGHPUNK', 'LAUGHPUNK_4580']"
"['BiniClick', 'biniclicks']"
"['BlackRockyNFT', 'BlackRocky']"
"['ENSDeployer', 'ENS: Ethereum Name Service']"
"['G1727', 'Untitled Collection #3713031749']"
"['BanSoc', 'BanksySociety']"
"['Squirrel_Art', 'Cats and Furby Collection']"
"['8LDeployment', '8lements Official']"
"['nft-com-deployer', 'NFT.com Profiles']"
"['nft-com-deployer', 'NFT.com Profiles']"
"['8LDeployment', '8lements Official']"
"['ENSDeployer', 'ENS: Ethereum Name Service']"
"['zerion_io', 'Zerion DNA 1.0']"
"['itooka_nagi', 'Super kawaii sisters #1']"
"['totallynotshelbyyaaaaa', 'Untitled Collection #3725369547']"
"['RAIZE', '__Void__ Collection']"
"['Typical_Friends_Official', 'Garbage University Student IDs']"
"['PeopleReignOfficial', 'Baseball Card Collection']"
"['MM5000', 'Mindless geometric shapes']"
"['BlackRockyNFT', 'BlackRocky']"
"['BiniClick', 'biniclicks']"
"['Pankaj1980', 'Gems Undervalued']"
"['HeeDongDeployer', 'HeeDong - Blind Box']"
"['onchainmfer_deployer', 'OnChainMfers']"
"['BanSoc', 'BanksySociety']"
"['prince_superstarrr', 'PHOTO GRAFS']"
"['ChlXe_34', 'Untitled Collection #3539946255']"
"['MM5000', 'FF5000']"
"['zerion_io', 'Zerion DNA 1.0']"
"['HeeDongDeployer', 'HeeDong - Blind Box']"
"['onchainmfer_deployer', 'OnChainMfers']"
"['BanSoc', 'BanksySociety']"
"['prince_superstarrr', 'PHOTO GRAFS']"
"['ChlXe_34', 'Untitled Collection #3539946255']"
"['MM5000', 'FF5000']"
"['PixelatedPassions', 'Cyberpunks Limited Edition']"
"['Openpp001', 'Untitled Collection #3772956235']"
"['Dismali', 'Gothpunk Collection']"
"['Claudiofioriart', 'Esoteric portraits']"
"['BiniClick', 'biniclicks']"
"['GdsGallery', 'Initial | 007']"
"['42NYC26', 'Women beauty club']"
"['BlackRockyNFT', 'BlackRocky']"
"['naiivecat', 'naiivecat']"
"['yurisatori', 'yurisatori Collection']"
"['coollavinah', 'Untitled Collection #3725390650']"
"['ELMhonds_23', 'True lasting peace']"
"['RAIZE', '__Void__ Collection']"
"['SoonOne', 'SoonOne pattern']"
"['MasudT', 'MasudT Collection']"
"['mohon1', 'mohon1']"
"['ENSDeployer', 'ENS: Ethereum Name Service']"
"['Damon-NFT-Labs', 'DAMON CECCHI ART']"
"['RAINBOWTEAM', 'The Colour Addition']"
"['Squirrel_Art', 'Little_Princess_']"
"['LongWhiteCloud', 'MyAlteredStates']"
"['quinca', 'Japan beta']"
"['BiniClick', 'biniclicks']"
"['Pankaj1980', 'Gems Undervalued']"
"['Iamiman', 'Iamiman Collection']"
"['Amidzy', 'CosmoLOL']"
"['BlackRockyNFT', 'BlackRocky']"
"['ENSDeployer', 'ENS: Ethereum Name Service']"
"['girlbd', 'girlon']"
"['TimebreakerArt', 'Minecraft Brickshot Character']"
"['uvwave', 'Leading Tides']"
"['8LDeployment', '8lements Official']"
"['mohon1', 'mohon1']"
"['DegenScore_Official', 'DegenScore - Beacon']"
"['Openpp001', 'Untitled Collection #3772956235']"
"['Dismali', 'Gothpunk Collection']"
"['RAINBOWTEAM', 'The Colour Addition']"
"['threadverse', 'RoboSamurai']"
"['RAIZE', '__Void__ Collection']"
"['naiivecat', 'naiivecat']"
"['BlackRockyNFT', 'BlackRocky']"
"['42NYC26', 'Women beauty club']"
"['dkzlsk', 'Untitled Collection #3690809367']"
"['JUUNIDeployer', 'JUUNI x ROSENTICA']"
"['ENSDeployer', 'ENS: Ethereum Name Service']"
"['XEN-CRYPTO', 'XENFT by XEN CRYPTO']"
"['8LDeployment', '8lements Official']"
"['zerion_io', 'Zerion DNA 1.0']"
"['Dismali', 'Gothpunk Collection']"
"['AiOps_NFT', 'Pug.Doge']"
"['BiniClick', 'biniclicks']"
"['RAIZE', '__Void__ Collection']"
"['AMEZ-Art', 'Pied Pixels']"
"['NFT_VANDAL', 'POOKiiES']"
"['Amidzy', 'CosmoLOL']"
"['MasudT', 'MasudT Collection']"
"['8LDeployment', '8lements Official']"
"['ENSDeployer', 'ENS: Ethereum Name Service']"
"['BlackRockyNFT', 'BlackRocky']"
"['RAINBOWTEAM', 'The Colour Addition']"
"['Iamiman', 'Iamiman Collection']"
"['AcrocalypseSpacecraftDeployer', 'Acrocalypse']"
"['mohon1', 'mohon1']"
"['BiniClick', 'biniclicks']"
"['Openpp001', 'Untitled Collection #3772956235']"
"['boringpunkmfer', 'Mfers BoringPunks']"
"['zerion_io', 'Zerion DNA 1.0']"
"['XEN-CRYPTO', 'XENFT by XEN CRYPTO']"
"['PeopleReignOfficial', 'Baseball Card Collection']"
"['NFT_VANDAL', 'POOKiiES']"
"['Dismali', 'Gothpunk Collection']"
"['MM5000', 'FF5000']"
"['girlbd', 'girlon']"
"['Pankaj1980', 'Gems Undervalued']"
"['JustMan_', 'MadCyclops']"
"['GdsGallery', 'Initial | 007']"
"['Shadoo_N', 'Untitled Collection #3731101684']"
"['zerion_io', 'Zerion DNA 1.0']"
"['ENSDeployer', 'ENS: Ethereum Name Service']"
"['NullAddress', 'Cyberpunk Pi ETH']"
"['BiniClick', 'biniclicks']"
"['MM5000', 'Mindless geometric shapes']"
"['naiivecat', 'naiivecat']"
"['SoonOne', 'SoonOne pattern']"
"['quinca', 'Japan beta']"
"['prince_superstarrr', 'PHOTO GRAFS']"
"['RAINBOWTEAM', 'The Colour Addition']"
"['dkzlsk', 'Untitled Collection #3690809367']"
"['mohon1', 'mohon1']"
"['zeeshannft09', 'Hooded Girls']"
"['mohon1', 'mohon1']"
"['zeeshannft09', 'Hooded Girls']"
"['IRI-DO_LAB', 'IRI-DO_Metropolitan_NFT']"
"['Dismali', 'Gothpunk Collection']"
"['ENSDeployer', 'ENS: Ethereum Name Service']"
"['BanSoc', 'BanksySociety']"
"['Amidzy', 'CosmoLOL']"
"['BiniClick', 'biniclicks']"
"['Pankaj1980', 'Gems Undervalued']"
"['Iamiman', 'Iamiman Collection']"
"['BoredPunk-Deployer', 'BoredPunk']"
"['DzeeRoggs', 'DZ Collectibles']"
"['fame0x', 'INS1D3RS']"
"['rustymoonNFT', 'booNeko']"
"['RAINBOWTEAM', 'The Colour Addition']"
"['rustymoonNFT', 'booNeko']"
"['Dismali', 'Gothpunk Collection']"
"['RAINBOWTEAM', 'The Colour Addition']"
"['BiniClick', 'biniclicks']"
"['MeloLabs', 'The KREW']"
"['dkzlsk', 'Untitled Collection #3690809367']"
"['MasudT', 'MasudT Collection']"
"['ENSDeployer', 'ENS: Ethereum Name Service']"
"['Sabet-Deployer', 'HEALING CODES by SABET']"
"['GdsGallery', 'Initial | 007']"
"['girlbd', 'girlon']"
"['Pankaj1980', 'Gems Undervalued']"
"['Yellrs7', 'Untitled Collection #3778635957']"
"['zerion_io', 'Zerion DNA 1.0']"
"['PeopleReignOfficial', 'Baseball Card Collection']"
"['AiEmotions4U', 'AiEmotions4U Collection']"
"['AiEmotions4U', 'AiEmotions4U Collection']"
"['mohon1', 'mohon1']"
"['m_aris37', 'Setiap petang hari']"
"['NFT_VANDAL', 'POOKiiES']"
"['BiniClick', 'biniclicks']"
"['MM5000', 'FF5000']"
"['dkzlsk', 'Untitled Collection #3690809367']"
"['Marleyy', 'Marleyy Collection']"
"['Cryptomatic', 'Ethenials Official']"
"['ENSDeployer', 'ENS: Ethereum Name Service']"
"['MM5000', 'Mindless geometric shapes']"
"['TimebreakerArt', 'Minecraft Brickshot Character']"
"['naiivecat', 'naiivecat']"
"['Mutant_Sea', 'Castle: Mutant Leader']"
"['Mutant_Sea', 'Castle: Mutant Leader']"
"['Pankaj1980', 'Gems Undervalued']"
"['BiniClick', 'biniclicks']"
"['42NYC26', 'Women beauty club']"
"['cutepebbles', 'cutepebbles Collection']"
"['8LDeployment', '8lements Official']"
"['ENSDeployer', 'ENS: Ethereum Name Service']"
"['RAINBOWTEAM', 'The Colour Addition']"
"['rustymoonNFT', 'booNeko']"
"['LAUGHPUNK', 'LAUGHPUNK_4580']"
"['AswangDeployer', 'The Aswang Tribe']"
"['fame0x', 'INS1D3RS']"
"['fame0x', 'INS1D3RS']"
"['AswangDeployer', 'The Aswang Tribe']"
"['quinca', 'Japan beta']"
"['LAUGHPUNK', 'LAUGHPUNK_4580']"
"['BiniClick', 'biniclicks']"
"['JustMan_', 'MadCyclops']"
"['44rtRoom', 'ŸèShadows']"
"['zerion_io', 'Zerion DNA 1.0']"
"['NFT_VANDAL', 'POOKiiES']"
"['Sabet-Deployer', 'HEALING CODES by SABET']"
"['NullAddress', 'Cyberpunk Pi ETH']"
"['MM5000', 'FF5000']"
"['Pankaj1980', 'Gems Undervalued']"
"['Iamiman', 'Iamiman Collection']"
"['prince_superstarrr', 'ALL TYPES OF ARTS']"
"['dkzlsk', 'Untitled Collection #3690809367']"
"['42NYC26', 'Women beauty club']"
"['Dismali', 'Gothpunk Collection']"
"['JustMan_', 'MadCyclops']"
"['MasudT', 'MasudT Collection']"
"['naiivecat', 'naiivecat']"
"['yurisatori', 'yurisatori Collection']"
"['GdsGallery', 'Initial | 007']"
"['rustymoonNFT', 'booNeko']"
"['Confluence-Deployer-Cubex', 'CubeX New Era Official NFTs']"
"['fame0x', 'INS1D3RS']"
"['cutepebbles', 'cutepebbles Collection']"
"['girlbd', 'girlon']"
"['NullAddress', 'Cyberpunk Pi ETH']"
"['Pankaj1980', 'Gems Undervalued']"
"['PixelatedPassions', 'Cyberpunks Limited Edition']"
"['MeultiinAnimationPro', 'DanilaButr Collection']"
"['fountgallery', 'Mornings']"
"['BoredPunk-Deployer', 'BoredPunk']"
"['joeytadiar', ""REMO's World""]"
"['zerion_io', 'Zerion DNA 1.0']"
"['Iamiman', 'Iamiman Collection']"
"['ENSDeployer', 'ENS: Ethereum Name Service']"
"['AAFDeployer', 'Azur Root']"
"['Dr_zi', 'MercedsBenz']"
"['AMEZ-Art', 'Pied Pixels']"
"['zerion_io', 'Zerion DNA 1.0']"
"['ENSDeployer', 'ENS: Ethereum Name Service']"
"['LZNMDeployer', 'Layer Zero Name Service [Ethereum]']"
"['AlainGabriel', 'Ultimate SONG 8']"
"['quinca', 'Japan beta']"
"['rustymoonNFT', 'booNeko']"
"['rustymoonNFT', 'booNeko']"
"['8LDeployment', '8lements Official']"
"['8LDeployment', '8lements Official']"
"['naiivecat', 'naiivecat']"
"['AiEmotions4U', 'AiEmotions4U Collection']"
"['Dismali', 'Gothpunk Collection']"
"['mertticc', 'Atticc Guardian SBT']"
"['mohon1', 'mohon1']"
"['RAINBOWTEAM', 'The Colour Addition']"
"['LAUGHPUNK', 'LAUGHPUNK_4580']"
"['ENSDeployer', 'ENS: Ethereum Name Service']"
"['MM5000', 'FF5000']"
"['yurisatori', 'yurisatori Collection']"
"['Houseofart_nancy', 'Animal Art by Nancy']"
"['girlbd', 'girlon']"
"['Dismali', 'Gothpunk Collection']"
"['MM5000', 'Mindless geometric shapes']"
"['MasudT', 'MasudT Collection']"
"['Iamiman', 'Iamiman Collection']"
"['42NYC26', 'Women beauty club']"
"['BanSoc', 'BanksySociety']"
"['Getaleks', 'BLACK AND WHITE SIDE OF THE MOON']"
"['BiniClick', 'biniclicks']"
"['GdsGallery', 'Initial | 007']"
"['AlainGabriel', 'Ultimate SONG 8']"
"['quinca', 'Japan beta']"
"['AswangDeployer', 'The Aswang Tribe']"
"['AswangDeployer', 'The Aswang Tribe']"
"['BoredPunk-Deployer', 'BoredPunk']"
"['RAINBOWTEAM', 'The Colour Addition']"
"['rustymoonNFT', 'booNeko']"
"['AswangDeployer', 'The Aswang Tribe']"
"['BoredPunk-Deployer', 'BoredPunk']"
"['RAINBOWTEAM', 'The Colour Addition']"
"['rustymoonNFT', 'booNeko']"
"['BiniClick', 'biniclicks']"
"['Dismali', 'Gothpunk Collection']"
"['cutepebbles', 'cutepebbles Collection']"
"['zerion_io', 'Zerion DNA 1.0']"
"['Mononouf-NFT', 'Mononouf-NFT Collection']"
"['BiniClick', 'biniclicks']"
"['chiwuazhua', 'Untitled Collection #3332578136']"
"['sausu5', 'sausu5 Collection']"
"['Cryptomatic', 'NEOS Official']"
"['joe-hamilton', 'Opepen Zorbs Burn']"
"['JustMan_', 'MadCyclops']"
"['girlbd', 'girlon']"
"['MyAvatarTiktok', 'MyAvatarTiktok Collection']"
"['RAINBOWTEAM', 'The Colour Addition']"
"['AswangDeployer', 'The Aswang Tribe']"
"['AswangDeployer', 'The Aswang Tribe']"
"['zerion_io', 'Zerion DNA 1.0']"
"['Lucidloom', 'Midnight Maketplace']"
"['prince_superstarrr', 'PHOTO GRAFS']"
"['Dismali', 'Gothpunk Collection']"
"['TimebreakerArt', 'Minecraft Brickshot Character']"
"['TimebreakerArt', 'Minecraft Brickshot Character']"
"['BiniClick', 'biniclicks']"
"['HeeDongDeployer', 'HeeDong - Blind Box']"
"['Cryptomatic', 'NEOS Official']"
"['remco_tuner', 'RemCo Tuners']"
"['kzhr1980', 'kzhr1980 Collection']"
"['RAIZE', '__Void__ Collection']"
"['Mononouf-NFT', 'Mononouf-NFT Collection']"
"['rustymoonNFT', 'booNeko']"
"['joseramonsorianopons', 'AGUAS PROFUNDAS']"
"['zerion_io', 'Zerion DNA 1.0']"
"['AlainGabriel', 'Ultimate SONG 8']"
"['zerion_io', 'Zerion DNA 1.0']"
"['AlainGabriel', 'Ultimate SONG 8']"
"['BiniClick', 'biniclicks']"
"['EScape-Artist', 'EScape-Artist Collection']"
"['42NYC26', 'Women beauty club']"
"['quinca', 'Japan beta']"
"['HLK-DEPLOYER', 'Hippie Life Krew: The Cloudalia Story']"
"['naiivecat', 'naiivecat']"
"['BoredPunk-Deployer', 'BoredPunk']"
"['naiivecat', 'naiivecat']"
"['BoredPunk-Deployer', 'BoredPunk']"
"['Dismali', 'Gothpunk Collection']"
"['Mononouf-NFT', 'Mononouf-NFT Collection']"
"['BiniClick', 'biniclicks']"
"['fame0x', 'INS1D3RS']"
"['BanSoc', 'BanksySociety']"
"['RAINBOWTEAM', 'The Colour Addition']"
"['Yuserx', 'LAYERS - w59ImaWK1c']"
"['ENSDeployer', 'ENS: Ethereum Name Service']"
"['MM5000', 'Mindless geometric shapes']"
"['Cryptomatic', 'NEOS Official']"
"['Dismali', 'Gothpunk Collection']"
"['Mononouf-NFT', 'Mononouf-NFT Collection']"
"['BiniClick', 'biniclicks']"
"['sausu5', 'sausu5 Collection']"
"['rustymoonNFT', 'booNeko']"
"['AlainGabriel', 'Ultimate SONG 8']"
"['yurisatori', 'yurisatori Collection']"
"['BoredPunk-Deployer', 'BoredPunk']"
"['BoredPunk-Deployer', 'BoredPunk']"
"['MindblowonStudio', 'Mindblowon Fresh Shrimpwear']"
"['N-Kyoku', 'N-Standard Passport']"
"['MM5000', 'FF5000']"
"['Mononouf-NFT', 'Mononouf-NFT Collection']"
"['itooka_nagi', 'Super kawaii sisters #1']"
"['LAUGHPUNK', 'LAUGHPUNK_4580']"
"['quinca', 'Japan beta']"
"['Dismali', 'Gothpunk Collection']"
"['CreativeArtsLife', 'StickersArt']"
"['GdsGallery', 'Initial | 007']"
"['Cryptomatic', 'NEOS Official']"
"['LAUGHPUNK', 'LAUGHPUNK_4580']"
"['42NYC26', 'Women beauty club']"
"['BiniClick', 'biniclicks']"
"['Cryptomatic', 'NEOS Official']"
"['LAUGHPUNK', 'LAUGHPUNK_4580']"
"['42NYC26', 'Women beauty club']"
"['BiniClick', 'biniclicks']"
"['naiivecat', 'naiivecat']"
"['Iamiman', 'Iamiman Collection']"
"['girlbd', 'girlon']"
"['Houseofart_nancy', 'Animal Art by Nancy']"
"['zeeshannft09', 'Hooded Girls']"
"['VOKOXNFT', 'PoKolex Collection']"
"['sausu5', 'sausu5 Collection']"
"['RAINBOWTEAM', 'The Colour Addition']"
"['Mononouf-NFT', 'Mononouf-NFT Collection']"
"['kzhr1980', 'kzhr1980 Collection']"
"['8LDeployment', '8lements Official']"
"['Typical_Friends_Official', 'Garbage University Student IDs']"
"['rustymoonNFT', 'booNeko']"
"['Winter_AI_Art', 'Winter_AI_Art Collection']"
"['nonchik', 'Untitled Collection #3773233351']"
"['TakanaTaishinHaruna', 'Mainnet Alpha']"
"['Mononouf-NFT', 'Mononouf-NFT Collection']"
"['Dismali', 'Gothpunk Collection']"
"['BiniClick', 'biniclicks']"
"['fame0x', 'INS1D3RS']"
"['zerion_io', 'Zerion DNA 1.0']"
"['EB00EB', 'ben.eth d0xing MEMES 420']"
"['AiEmotions4U', 'AiEmotions4U Collection']"
"['quinca', 'Japan beta']"
"['digitalkira', 'kiras digitals']"
"['AlainGabriel', 'Ultimate SONG 8']"
"['Dimensionals', 'Eve']"
"['sausu5', 'sausu5 Collection']"
"['MM5000', 'FF5000']"
"['shohana1', 'Miscellaneous NFT Style']"
"['Onepersan', 'onepersan']"
"['cutepebbles', 'cutepebbles Collection']"
"['42NYC26', 'Women beauty club']"
"['girlbd', 'girlon']"
"['The_dark_illusion', 'The Dark illusions']"
"['LOOTaDOG', 'LOOTaDOG Pass Card']"
"['AMEZ-Art', 'Pied Pixels']"
"['sausu5', 'sausu5 Collection']"
"['MM5000', 'FF5000']"
"['shohana1', 'Miscellaneous NFT Style']"
"['Onepersan', 'onepersan']"
"['cutepebbles', 'cutepebbles Collection']"
"['42NYC26', 'Women beauty club']"
"['BiniClick', 'biniclicks']"
"['Dismali', 'Gothpunk Collection']"
"['girlbd', 'girlon']"
"['The_dark_illusion', 'The Dark illusions']"
"['LOOTaDOG', 'LOOTaDOG Pass Card']"
"['AMEZ-Art', 'Pied Pixels']"
"['prince_superstarrr', 'PHOTO GRAFS']"
"['HeeDongDeployer', 'HeeDong - Blind Box']"
"['MM5000', 'Mindless geometric shapes']"
"['rustymoonNFT', 'booNeko']"
"['Mononouf-NFT', 'Mononouf-NFT Collection']"
"['The-Unlimited', 'The-Unlimited Collection']"
"['m_aris37', 'Setiap petang hari']"
"['AlainGabriel', 'Ultimate SONG 8']"
"['Dismali', 'Gothpunk Collection']"
"['Iamiman', 'Iamiman Collection']"
"['quinca', 'Japan beta']"
"['sausu5', 'sausu5 Collection']"
"['BiniClick', 'biniclicks']"
"['Mononouf-NFT', 'Mononouf-NFT Collection']"
"['MyAvatarTiktok', 'MyAvatarTiktok Collection']"
"['JordanHile', 'Jordan Hile Photography']"
"['SoonOne', 'SoonOne pattern']"
"['BiniClick', 'biniclicks']"
"['naiivecat', 'naiivecat']"
"['TimebreakerArt', 'Minecraft Brickshot Character']"
"['Dismali', 'Gothpunk Collection']"
"['LZNMDeployer', 'Layer Zero Name Service [Ethereum]']"
"['rustymoonNFT', 'booNeko']"
"['Blue_Protein', 'Blue Protein Project - Animal Detective series']"
"['LAUGHPUNK', 'LAUGHPUNK_4580']"
"['chara-300', 'crypto_akumakun']"
"['BiniClick', 'biniclicks']"
"['Pillz_inc', 'Cellz']"
"['Pillz_inc', 'Cellz']"
"['42NYC26', 'Women beauty club']"
"['nonchik', 'Untitled Collection #3773233351']"
"['zerion_io', 'Zerion DNA 1.0']"
"['XEN-CRYPTO', 'XENFT by XEN CRYPTO']"
"['LAUGHPUNK', 'LAUGHPUNK_4580']"
"['Dr_zi', 'MercedsBenz']"
"['BiniClick', 'biniclicks']"
"['ENSDeployer', 'ENS: Ethereum Name Service']"
"['zerion_io', 'Zerion DNA 1.0']"
"['Dismali', 'Gothpunk Collection']"
"['sausu5', 'sausu5 Collection']"
"['AlainGabriel', 'Ultimate SONG 8']"
"['quinca', 'Japan beta']"
"['IlluminatiAssociation', 'CryptoFace.me']"
"['yurisatori', 'yurisatori Collection']"
"['yurisatori', 'yurisatori Collection']"
"['girlbd', 'girlon']"
"['zeeshannft09', 'Hooded Girls']"
"['BiniClick', 'biniclicks']"
"['BalearicAliensUfologyClub', 'BalearicAliensUfologyClub Collection']"
"['BalearicAliensUfologyClub', 'BalearicAliensUfologyClub Collection']"
"['BiniClick', 'biniclicks']"
"['devildevine', 'devildevine Collection']"
"['Houseofart_nancy', 'Animal Art by Nancy']"
"['naiivecat', 'naiivecat']"
"['Dismali', 'Gothpunk Collection']"
"['AiOps_NFT', 'Pug.Doge']"
"['BiniClick', 'biniclicks']"
"['PeopleReignOfficial', 'Baseball Card Collection']"
"['Blue_Protein', 'Blue Protein Project - Animal Detective series']"
"['sausu5', 'sausu5 Collection']"
"['BiniClick', 'biniclicks']"
"['Mauvine', 'Arctic Collectibles']"
"['Mononouf-NFT', 'Mononouf-NFT Collection']"
"['cutepebbles', 'cutepebbles Collection']"
"['quinca', 'Japan beta']"
"['BiniClick', 'biniclicks']"
"['BanSoc', 'BanksySociety']"
"['Getaleks', 'BLACK AND WHITE SIDE OF THE MOON']"
"['Iamiman', 'Iamiman Collection']"
"['42NYC26', 'Women beauty club']"
"['Skeletn', 'NFT Collection verson 2']"
"['XEN-CRYPTO', 'XENFT by XEN CRYPTO']"
"['Mononouf-NFT', 'Mononouf-NFT Collection']"
"['BiniClick', 'biniclicks']"
"['BiniClick', 'biniclicks']"
"['girlbd', 'girlon']"
"['HeeDongDeployer', 'HeeDong - Blind Box']"
"['ENSDeployer', 'ENS: Ethereum Name Service']"
"['MM5000', 'Mindless geometric shapes']"
"['MM5000', 'Mindless geometric shapes']"
"['SoonOne', 'SoonOne pattern']"
"['BiniClick', 'biniclicks']"
"['BoredPunk-Deployer', 'BoredPunk']"
"['Cryptomatic', 'NEOS Official']"
"['Cryptomatic', 'NEOS Official']"
"['BoredPunk-Deployer', 'BoredPunk']"
"['Dismali', 'Gothpunk Collection']"
"['Mononouf-NFT', 'Mononouf-NFT Collection']"
"['naiivecat', 'naiivecat']"
"['sausu5', 'sausu5 Collection']"
"['BiniClick', 'biniclicks']"
"['Freddy86-6969', 'Life Bitches']"
"['Blue_Protein', 'Blue Protein Project - Animal Detective series']"
"['AlainGabriel', 'Ultimate SONG 8']"
"['Hodlguy', 'skull']"
"['Mononouf-NFT', 'Mononouf-NFT Collection']"
"['BiniClick', 'biniclicks']"
"['Dismali', 'Gothpunk Collection']"
"['Jaidar', '1Tiger']"
"['quinca', 'Japan beta']"
"['LAUGHPUNK', 'LAUGHPUNK_4580']"
"['girlbd', 'girlon']"
"['BiniClick', 'biniclicks']"
"['GdsGallery', 'Initial | 007']"
"['yurisatori', 'yurisatori Collection']"
"['Mononouf-NFT', 'Mononouf-NFT Collection']"
"['Mononouf-NFT', 'Mononouf-NFT Collection']"
"['BiniClick', 'biniclicks']"
"['PeopleReignOfficial', 'Baseball Card Collection']"
"['LAUGHPUNK', 'LAUGHPUNK_4580']"
"['Winter_AI_Art', 'Winter_AI_Art Collection']"
"['naiivecat', 'naiivecat']"
"['BiniClick', 'biniclicks']"
"['The_dark_illusion', 'The Dark illusions']"
"['Spieberg', 'Mr        Frog']"
"['Thiki', 'Fantasy Thiki']"
"['Mononouf-NFT', 'Mononouf-NFT Collection']"
"['AswangDeployer', 'The Aswang Tribe']"
"['ENSDeployer', 'ENS: Ethereum Name Service']"
"['AlainGabriel', 'Ultimate SONG 8']"
"['BiniClick', 'biniclicks']"
"['Blue_Protein', 'Blue Protein Project - Animal Detective series']"
"['TimebreakerArt', 'Minecraft Brickshot Character']"
"['devildevine', 'devildevine Collection']"
"['Dismali', 'Gothpunk Collection']"
"['sausu5', 'sausu5 Collection']"
"['VKlein', 'paintings of Volker Klein']"
"['Iamiman', 'Iamiman Collection']"
"['yfk_060710', 'Random Images My Collection']"
"['BiniClick', 'biniclicks']"
"['Mononouf-NFT', 'Mononouf-NFT Collection']"
"['Ethscriptions_eth', 'Ethscriptions Punks']"
"['BiniClick', 'biniclicks']"
"['Samshayan', 'Last Collection #3754815093']"
"['Dismali', 'Gothpunk Collection']"
"['Mononouf-NFT', 'Mononouf-NFT Collection']"
"['NeoTokyoCitadel', 'Neo Tokyo Staked Citizen']"
"['NeoTokyoCitadel', 'Neo Tokyo Staked Citizen']"
"['ENSDeployer', 'ENS: Ethereum Name Service']"
"['unsavory', '15:15']"
"['BiniClick', 'biniclicks']"
"['8LDeployment', '8lements Official']"
"['8LDeployment', '8lements Official']"
"['ENSDeployer', 'ENS: Ethereum Name Service']"
"['girlbd', 'girlon']"
"['The8thPlanet', 'The8thPlanet Collection']"
"['naiivecat', 'naiivecat']"
"['Banana-hope', 'Banana-hope Collection']"
"['BiniClick', 'biniclicks']"
"['Mononouf-NFT', 'Mononouf-NFT Collection']"
"['Dismali', 'Gothpunk Collection']"
"['AMEZ-Art', 'Pied Pixels']"
"['Blue_Protein', 'Blue Protein Project - Animal Detective series']"
"['BalearicAliensUfologyClub', 'BalearicAliensUfologyClub Collection']"
"['BiniClick', 'biniclicks']"
